,CACode,VaCode,Estimate,ASE,Flag
0,C02A,V00T,16.8,0.0,B
1,C02A,V01A,17.5,2.9,
2,C02A,V01B,23.6,3.4,
3,C02A,V01C,27.8,3.3,
4,C02A,V01D,14.1,3.1,
5,C02A,V01E,17,3.2,
6,C02A,V01M,7.7,0.1,
7,C02A,V02A,18.5,3.1,
8,C02A,V02B,18.3,3.1,
9,C02A,V02C,28.2,3.6,
10,C02A,V02D,15.9,2.8,
11,C02A,V02E,19.1,3.3,
12,C02A,V02M,7.8,0.1,
13,C02A,V03A,18.9,2.6,
14,C02A,V03B,17.8,2.8,
15,C02A,V03C,32.7,3.4,
16,C02A,V03D,15.5,2.9,
17,C02A,V03E,15,2.7,
18,C02A,V03M,7.7,0.1,
19,C02A,V04A,15.9,2.7,
20,C02A,V04B,30.4,4.1,
21,C02A,V04C,40.7,4.5,
22,C02A,V04D,12.9,2.4,
23,C02A,V05A,22.4,3.7,
24,C02A,V05B,39,4.2,
25,C02A,V05C,28.1,3.5,
26,C02A,V05D,10.5,2.4,
27,C02A,V06A,60.2,3.1,
28,C02A,V07A,84.7,2.3,
29,C02A,V08A,54.2,4.2,
30,C02A,V09A,77.8,3.6,
31,C02A,V10A,22.4,2.8,
32,C02A,V11A,81.7,4.0,
33,C02A,V11B,7.2,2.6,*
34,C02A,V11C,5.7,2.0,*
35,C02A,V11D,2.4,1.1,*
36,C02A,V11E,2.9,1.4,*
37,C02A,V11M,3.3,0.3,
38,C02A,V12A,50.5,4.2,
39,C02A,V13A,70.5,3.6,
40,C02A,V14A,83.5,2.7,
41,C02A,V15A,89.1,2.6,
42,C02A,V16A,48.9,3.9,
43,C02A,V16B,27.1,3.5,
44,C02A,V16C,18.2,3.2,
45,C02A,V16D,5.8,1.6,
46,C02A,V17A,13.5,2.7,
47,C02A,V17B,27.6,3.6,
48,C02A,V17C,43,3.5,
49,C02A,V17D,15.9,3.1,
50,C02A,V17M,6.6,0.1,
51,C02A,V18A,9.4,2.1,
52,C02A,V18B,23.4,3.1,
53,C02A,V18C,41.1,3.6,
54,C02A,V18D,26.1,3.3,
55,C02A,V18M,7.1,0.2,
56,C02A,V19A,8.5,2.0,
57,C02A,V19B,24.8,3.2,
58,C02A,V19C,45.5,4.4,
59,C02A,V19D,21.2,3.2,
60,C02A,V19M,7.1,0.1,
61,C02A,V20A,8.6,2.1,
62,C02A,V20B,18.4,2.8,
63,C02A,V20C,44.1,4.1,
64,C02A,V20D,28.9,3.9,
65,C02A,V20M,7.3,0.1,
66,C02A,V21A,37.3,3.8,
67,C02A,V21B,35,3.7,
68,C02A,V21C,22.7,3.7,
69,C02A,V21D,5,1.8,*
70,C02A,V21M,5,0.2,
71,C02A,V22A,19.1,2.5,
72,C02A,V22B,29.5,3.5,
73,C02A,V22C,38.2,3.7,
74,C02A,V22D,13.2,2.6,
75,C02A,V22M,6.2,0.2,
76,C02A,V23A,5.7,1.7,*
77,C02A,V23B,13.7,2.7,
78,C02A,V23C,37.4,3.7,
79,C02A,V23D,43.2,3.4,
80,C02A,V23M,7.9,0.1,
81,C02A,V24A,88.9,2.2,
82,C02A,V25A,87,2.4,
83,C02A,V26A,90.3,2.0,
84,C02A,V27A,61,3.8,
85,C02A,V28A,85.7,2.5,
86,C02A,V29A,84.7,2.2,
87,C02A,V30A,82.5,3.1,
88,C02B,V00T,33.5,0.0,B
89,C02B,V01A,18.6,1.8,
90,C02B,V01B,21.5,1.8,
91,C02B,V01C,33.2,1.9,
92,C02B,V01D,13.5,1.5,
93,C02B,V01E,13.2,1.9,
94,C02B,V01M,7.6,0.1,
95,C02B,V02A,13.6,1.7,
96,C02B,V02B,17.8,1.7,
97,C02B,V02C,29.4,2.3,
98,C02B,V02D,18.8,1.9,
99,C02B,V02E,20.4,2.2,
100,C02B,V02M,8,0.1,
101,C02B,V03A,16.8,1.7,
102,C02B,V03B,20.9,1.9,
103,C02B,V03C,31.3,2.1,
104,C02B,V03D,15.1,1.5,
105,C02B,V03E,16,2.0,
106,C02B,V03M,7.8,0.1,
107,C02B,V04A,9.3,1.4,
108,C02B,V04B,29.3,2.4,
109,C02B,V04C,43.4,2.6,
110,C02B,V04D,18,2.1,
111,C02B,V05A,18,1.9,
112,C02B,V05B,42.1,2.2,
113,C02B,V05C,28.5,2.1,
114,C02B,V05D,11.4,1.5,
115,C02B,V06A,63.8,2.1,
116,C02B,V07A,86.7,1.5,
117,C02B,V08A,55.3,3.0,
118,C02B,V09A,77.1,1.7,
119,C02B,V10A,22,2.0,
120,C02B,V11A,78.7,1.8,
121,C02B,V11B,7,1.2,
122,C02B,V11C,5.5,1.2,
123,C02B,V11D,2.9,0.8,
124,C02B,V11E,5.8,1.4,
125,C02B,V11M,3.6,0.1,
126,C02B,V12A,59.5,2.8,
127,C02B,V13A,85.2,1.7,
128,C02B,V14A,71.9,2.2,
129,C02B,V15A,84.1,1.9,
130,C02B,V16A,57.1,2.1,
131,C02B,V16B,24.5,1.7,
132,C02B,V16C,14.9,1.7,
133,C02B,V16D,3.4,0.8,
134,C02B,V17A,10.5,1.3,
135,C02B,V17B,24,2.2,
136,C02B,V17C,51,2.4,
137,C02B,V17D,14.5,1.9,
138,C02B,V17M,6.8,0.1,
139,C02B,V18A,12.1,1.6,
140,C02B,V18B,24.4,2.1,
141,C02B,V18C,39.2,2.2,
142,C02B,V18D,24.3,2.5,
143,C02B,V18M,6.9,0.1,
144,C02B,V19A,8.8,1.2,
145,C02B,V19B,23.2,2.0,
146,C02B,V19C,46.2,2.4,
147,C02B,V19D,21.8,2.5,
148,C02B,V19M,7.1,0.1,
149,C02B,V20A,12.6,1.4,
150,C02B,V20B,23.4,1.8,
151,C02B,V20C,41.6,2.0,
152,C02B,V20D,22.4,2.2,
153,C02B,V20M,6.9,0.1,
154,C02B,V21A,39.5,2.7,
155,C02B,V21B,33.8,2.2,
156,C02B,V21C,20.8,2.1,
157,C02B,V21D,5.9,1.5,
158,C02B,V21M,4.9,0.1,
159,C02B,V22A,23,2.5,
160,C02B,V22B,33.4,2.2,
161,C02B,V22C,32.9,2.1,
162,C02B,V22D,10.8,2.0,
163,C02B,V22M,5.8,0.1,
164,C02B,V23A,6.7,1.3,
165,C02B,V23B,13,1.7,
166,C02B,V23C,35.5,2.1,
167,C02B,V23D,44.8,2.8,
168,C02B,V23M,7.8,0.1,
169,C02B,V24A,86.3,1.6,
170,C02B,V25A,85.6,1.5,
171,C02B,V26A,89.1,1.4,
172,C02B,V27A,59.3,2.1,
173,C02B,V28A,85.4,1.5,
174,C02B,V29A,83.4,1.9,
175,C02B,V30A,80.5,2.0,
176,C02C,V00T,31.3,0.0,B
177,C02C,V01A,21.1,1.8,
178,C02C,V01B,18,1.7,
179,C02C,V01C,31,1.8,
180,C02C,V01D,14.7,1.6,
181,C02C,V01E,15.2,2.0,
182,C02C,V01M,7.6,0.1,
183,C02C,V02A,13.2,1.4,
184,C02C,V02B,17,1.8,
185,C02C,V02C,29.5,2.0,
186,C02C,V02D,17.7,1.8,
187,C02C,V02E,22.5,2.2,
188,C02C,V02M,8.1,0.1,
189,C02C,V03A,19.2,1.7,
190,C02C,V03B,18,1.9,
191,C02C,V03C,31.5,2.1,
192,C02C,V03D,16,1.7,
193,C02C,V03E,15.3,1.5,
194,C02C,V03M,7.7,0.1,
195,C02C,V04A,9.6,1.3,
196,C02C,V04B,24.7,1.8,
197,C02C,V04C,43.8,2.2,
198,C02C,V04D,21.9,1.6,
199,C02C,V05A,15.3,1.6,
200,C02C,V05B,38.4,2.4,
201,C02C,V05C,30.1,2.2,
202,C02C,V05D,16.2,1.5,
203,C02C,V06A,63.1,2.3,
204,C02C,V07A,88.1,1.4,
205,C02C,V08A,51.2,3.1,
206,C02C,V09A,66.4,2.2,
207,C02C,V10A,15.9,1.6,
208,C02C,V11A,79,2.1,
209,C02C,V11B,7.6,1.2,
210,C02C,V11C,5.8,1.1,
211,C02C,V11D,2.8,0.9,*
212,C02C,V11E,4.8,1.0,
213,C02C,V11M,3.5,0.2,
214,C02C,V12A,61.9,2.2,
215,C02C,V13A,79.2,1.9,
216,C02C,V14A,70.3,2.1,
217,C02C,V15A,72.5,1.9,
218,C02C,V16A,64.9,2.1,
219,C02C,V16B,21.3,1.8,
220,C02C,V16C,10.8,1.3,
221,C02C,V16D,3,0.9,
222,C02C,V17A,8.7,1.2,
223,C02C,V17B,24.6,2.0,
224,C02C,V17C,53.5,2.1,
225,C02C,V17D,13.3,1.4,
226,C02C,V17M,6.8,0.1,
227,C02C,V18A,14.2,1.8,
228,C02C,V18B,23,1.7,
229,C02C,V18C,41,2.3,
230,C02C,V18D,21.8,1.9,
231,C02C,V18M,6.7,0.1,
232,C02C,V19A,10.6,1.4,
233,C02C,V19B,26.3,2.0,
234,C02C,V19C,46,2.3,
235,C02C,V19D,17.2,1.8,
236,C02C,V19M,6.8,0.1,
237,C02C,V20A,15.3,1.5,
238,C02C,V20B,24.8,2.0,
239,C02C,V20C,41.9,2.2,
240,C02C,V20D,17.9,1.5,
241,C02C,V20M,6.6,0.1,
242,C02C,V21A,40.9,2.4,
243,C02C,V21B,37.1,2.5,
244,C02C,V21C,18.2,1.6,
245,C02C,V21D,3.8,0.9,
246,C02C,V21M,4.7,0.1,
247,C02C,V22A,28.9,2.1,
248,C02C,V22B,35.8,2.0,
249,C02C,V22C,28.2,2.0,
250,C02C,V22D,7.1,1.2,
251,C02C,V22M,5.4,0.1,
252,C02C,V23A,7.7,1.1,
253,C02C,V23B,11.9,1.3,
254,C02C,V23C,37.9,2.0,
255,C02C,V23D,42.4,2.2,
256,C02C,V23M,7.7,0.1,
257,C02C,V24A,87.1,1.5,
258,C02C,V25A,84,1.5,
259,C02C,V26A,88.2,1.5,
260,C02C,V27A,51.6,2.3,
261,C02C,V28A,83.1,1.6,
262,C02C,V29A,82.3,1.9,
263,C02C,V30A,84.5,1.7,
264,C02D,V00T,18.4,0.0,B
265,C02D,V01A,16.7,2.1,
266,C02D,V01B,11.9,1.7,
267,C02D,V01C,26.1,2.1,
268,C02D,V01D,18.4,2.5,
269,C02D,V01E,26.8,2.3,
270,C02D,V01M,8,0.1,
271,C02D,V02A,12.1,1.5,
272,C02D,V02B,12.7,1.7,
273,C02D,V02C,24.1,2.3,
274,C02D,V02D,17.3,2.0,
275,C02D,V02E,33.8,2.6,
276,C02D,V02M,8.3,0.1,
277,C02D,V03A,13.9,1.8,
278,C02D,V03B,12.5,1.6,
279,C02D,V03C,28,2.2,
280,C02D,V03D,18.1,2.4,
281,C02D,V03E,27.5,2.2,
282,C02D,V03M,8.2,0.1,
283,C02D,V04A,6.9,1.3,
284,C02D,V04B,24.5,2.3,
285,C02D,V04C,50.4,2.5,
286,C02D,V04D,18.2,2.0,
287,C02D,V05A,10.5,1.8,
288,C02D,V05B,33.1,2.6,
289,C02D,V05C,34.2,2.8,
290,C02D,V05D,22.2,2.3,
291,C02D,V06A,57.4,2.6,
292,C02D,V07A,86.3,1.9,
293,C02D,V08A,47.6,4.4,
294,C02D,V09A,61.9,3.2,
295,C02D,V10A,6.7,1.3,
296,C02D,V11A,84.6,1.8,
297,C02D,V11B,4.7,0.9,
298,C02D,V11C,5.7,1.2,
299,C02D,V11D,1.7,0.7,*
300,C02D,V11E,3.3,1.1,*
301,C02D,V11M,2.8,0.2,
302,C02D,V12A,67.5,2.5,
303,C02D,V13A,79.2,2.1,
304,C02D,V14A,74,2.2,
305,C02D,V15A,68.3,2.3,
306,C02D,V16A,72.6,2.2,
307,C02D,V16B,16.2,1.7,
308,C02D,V16C,8.9,1.4,
309,C02D,V16D,2.2,0.7,*
310,C02D,V17A,6.7,1.2,
311,C02D,V17B,21.8,2.2,
312,C02D,V17C,53,2.6,
313,C02D,V17D,18.5,2.0,
314,C02D,V17M,7.1,0.1,
315,C02D,V18A,13.2,1.7,
316,C02D,V18B,22.1,2.1,
317,C02D,V18C,39.7,2.7,
318,C02D,V18D,24.9,2.3,
319,C02D,V18M,6.9,0.1,
320,C02D,V19A,8.4,1.4,
321,C02D,V19B,25,2.2,
322,C02D,V19C,45.1,2.3,
323,C02D,V19D,21.5,2.2,
324,C02D,V19M,7,0.1,
325,C02D,V20A,12.1,1.8,
326,C02D,V20B,19.9,2.1,
327,C02D,V20C,41.2,2.5,
328,C02D,V20D,26.8,2.2,
329,C02D,V20M,7.1,0.1,
330,C02D,V21A,37.8,2.8,
331,C02D,V21B,35.6,2.8,
332,C02D,V21C,22.4,2.6,
333,C02D,V21D,4.2,1.2,
334,C02D,V21M,4.9,0.1,
335,C02D,V22A,26.9,2.2,
336,C02D,V22B,34.8,2.3,
337,C02D,V22C,29.8,2.6,
338,C02D,V22D,8.5,1.6,
339,C02D,V22M,5.6,0.1,
340,C02D,V23A,4.8,1.1,
341,C02D,V23B,10.1,1.6,
342,C02D,V23C,32.8,2.4,
343,C02D,V23D,52.4,2.5,
344,C02D,V23M,8.2,0.1,
345,C02D,V24A,88.9,1.5,
346,C02D,V25A,81.8,2.2,
347,C02D,V26A,86.7,1.7,
348,C02D,V27A,46.3,2.2,
349,C02D,V28A,78.6,1.9,
350,C02D,V29A,80.1,2.0,
351,C02D,V30A,89.9,1.8,
352,C04A,V00T,48.8,0.0,B
353,C04A,V01A,19.1,1.4,
354,C04A,V01B,19.2,1.6,
355,C04A,V01C,31.1,1.7,
356,C04A,V01D,13.7,1.4,
357,C04A,V01E,16.8,1.5,
358,C04A,V01M,7.7,0.1,
359,C04A,V02A,15.4,1.3,
360,C04A,V02B,17.7,1.3,
361,C04A,V02C,29.7,2.0,
362,C04A,V02D,16,1.5,
363,C04A,V02E,21.2,1.7,
364,C04A,V02M,8,0.1,
365,C04A,V03A,17.2,1.4,
366,C04A,V03B,18.5,1.5,
367,C04A,V03C,32,1.9,
368,C04A,V03D,15.7,1.2,
369,C04A,V03E,16.6,1.4,
370,C04A,V03M,7.8,0.1,
371,C04A,V04A,9.2,1.2,
372,C04A,V04B,25.7,2.1,
373,C04A,V04C,45.4,2.3,
374,C04A,V04D,19.7,1.5,
375,C04A,V05A,17.4,1.4,
376,C04A,V05B,38.5,2.0,
377,C04A,V05C,30.1,1.8,
378,C04A,V05D,14,1.3,
379,C04A,V06A,77.7,1.6,
380,C04A,V07A,93.2,0.9,
381,C04A,V08A,68.9,2.3,
382,C04A,V09A,74.2,1.7,
383,C04A,V10A,14.7,1.3,
384,C04A,V11A,81.5,1.7,
385,C04A,V11B,6.3,1.0,
386,C04A,V11C,5.4,0.9,
387,C04A,V11D,2.2,0.6,
388,C04A,V11E,4.6,1.1,
389,C04A,V11M,3.2,0.1,
390,C04A,V12A,55.6,2.2,
391,C04A,V13A,73.9,1.7,
392,C04A,V14A,73.9,1.9,
393,C04A,V15A,75.9,1.7,
394,C04A,V16A,66.5,2.0,
395,C04A,V16B,19.5,1.6,
396,C04A,V16C,11,1.3,
397,C04A,V16D,2.9,0.6,
398,C04A,V17A,9.5,1.4,
399,C04A,V17B,22.6,1.7,
400,C04A,V17C,51.5,1.8,
401,C04A,V17D,16.5,1.6,
402,C04A,V17M,6.9,0.1,
403,C04A,V18A,11.3,1.2,
404,C04A,V18B,21.8,1.5,
405,C04A,V18C,40.2,2.0,
406,C04A,V18D,26.7,1.9,
407,C04A,V18M,7,0.1,
408,C04A,V19A,9.4,1.3,
409,C04A,V19B,23.9,1.6,
410,C04A,V19C,45,2.0,
411,C04A,V19D,21.7,1.8,
412,C04A,V19M,7,0.1,
413,C04A,V20A,10.1,1.0,
414,C04A,V20B,20,1.5,
415,C04A,V20C,43.4,2.1,
416,C04A,V20D,26.4,1.9,
417,C04A,V20M,7.2,0.1,
418,C04A,V21A,37.9,1.7,
419,C04A,V21B,35.4,1.8,
420,C04A,V21C,21.6,1.5,
421,C04A,V21D,5.2,1.0,
422,C04A,V21M,4.9,0.1,
423,C04A,V22A,27.4,1.9,
424,C04A,V22B,32.5,1.8,
425,C04A,V22C,30.3,1.9,
426,C04A,V22D,9.8,1.3,
427,C04A,V22M,5.6,0.1,
428,C04A,V23A,7.4,1.0,
429,C04A,V23B,13.5,1.2,
430,C04A,V23C,35.9,2.0,
431,C04A,V23D,43.2,2.1,
432,C04A,V23M,7.8,0.1,
433,C04A,V24A,87.8,1.2,
434,C04A,V25A,84.6,1.2,
435,C04A,V26A,88.7,1.0,
436,C04A,V27A,55.4,1.9,
437,C04A,V28A,83.9,1.3,
438,C04A,V29A,82.6,1.4,
439,C04A,V30A,83.6,1.6,
440,C04B,V00T,51.2,0.0,B
441,C04B,V01A,18.6,1.3,
442,C04B,V01B,18.8,1.5,
443,C04B,V01C,29.5,1.4,
444,C04B,V01D,16,1.3,
445,C04B,V01E,17.1,1.4,
446,C04B,V01M,7.7,0.1,
447,C04B,V02A,12.7,1.1,
448,C04B,V02B,15.7,1.4,
449,C04B,V02C,26.8,1.6,
450,C04B,V02D,19.4,1.5,
451,C04B,V02E,25.4,1.6,
452,C04B,V02M,8.2,0.1,
453,C04B,V03A,17.5,1.2,
454,C04B,V03B,17.4,1.2,
455,C04B,V03C,30.1,1.7,
456,C04B,V03D,16.3,1.4,
457,C04B,V03E,18.7,1.3,
458,C04B,V03M,7.8,0.1,
459,C04B,V04A,10.8,1.1,
460,C04B,V04B,28.5,1.8,
461,C04B,V04C,43.5,1.9,
462,C04B,V04D,17.2,1.3,
463,C04B,V05A,15.6,1.3,
464,C04B,V05B,39,1.8,
465,C04B,V05C,29.9,1.7,
466,C04B,V05D,15.5,1.5,
467,C04B,V06A,45.6,1.9,
468,C04B,V07A,80.5,1.4,
469,C04B,V08A,36.8,2.9,
470,C04B,V09A,69.5,2.0,
471,C04B,V10A,19.9,1.6,
472,C04B,V11A,79.3,1.4,
473,C04B,V11B,7.2,0.9,
474,C04B,V11C,6,0.9,
475,C04B,V11D,2.9,0.6,
476,C04B,V11E,4.5,0.8,
477,C04B,V11M,3.5,0.1,
478,C04B,V12A,64.6,1.9,
479,C04B,V13A,85.4,1.5,
480,C04B,V14A,73.5,1.6,
481,C04B,V15A,80.8,1.5,
482,C04B,V16A,55.8,1.7,
483,C04B,V16B,25.2,1.6,
484,C04B,V16C,15.1,1.2,
485,C04B,V16D,4,0.6,
486,C04B,V17A,10,0.9,
487,C04B,V17B,26.1,1.8,
488,C04B,V17C,50.2,1.9,
489,C04B,V17D,13.8,1.3,
490,C04B,V17M,6.7,0.1,
491,C04B,V18A,13.8,1.1,
492,C04B,V18B,24.8,1.4,
493,C04B,V18C,40.1,1.4,
494,C04B,V18D,21.3,1.6,
495,C04B,V18M,6.7,0.1,
496,C04B,V19A,9.1,1.0,
497,C04B,V19B,25.6,1.6,
498,C04B,V19C,46.6,1.7,
499,C04B,V19D,18.7,1.5,
500,C04B,V19M,6.9,0.1,
501,C04B,V20A,15.2,1.2,
502,C04B,V20B,24.6,1.5,
503,C04B,V20C,40.7,1.8,
504,C04B,V20D,19.5,1.5,
505,C04B,V20M,6.6,0.1,
506,C04B,V21A,40.5,1.8,
507,C04B,V21B,35.4,1.8,
508,C04B,V21C,19.7,1.4,
509,C04B,V21D,4.4,0.7,
510,C04B,V21M,4.8,0.1,
511,C04B,V22A,22.6,1.6,
512,C04B,V22B,35,1.6,
513,C04B,V22C,33,1.5,
514,C04B,V22D,9.4,1.1,
515,C04B,V22M,5.8,0.1,
516,C04B,V23A,5.7,0.8,
517,C04B,V23B,11,0.9,
518,C04B,V23C,36.3,1.8,
519,C04B,V23D,47.1,1.9,
520,C04B,V23M,8,0.1,
521,C04B,V24A,87.2,1.3,
522,C04B,V25A,84.7,1.3,
523,C04B,V26A,88.4,1.1,
524,C04B,V27A,54.2,1.9,
525,C04B,V28A,83.1,1.2,
526,C04B,V29A,82.7,1.4,
527,C04B,V30A,84,1.3,
528,C12A,V00T,69.8,1.4,
529,C12A,V01A,17.9,1.1,
530,C12A,V01B,18.7,1.2,
531,C12A,V01C,31.2,1.3,
532,C12A,V01D,16,1.2,
533,C12A,V01E,16.2,1.0,
534,C12A,V01M,7.7,0.1,
535,C12A,V02A,12.8,0.9,
536,C12A,V02B,16.3,1.1,
537,C12A,V02C,29,1.4,
538,C12A,V02D,18.4,1.2,
539,C12A,V02E,23.6,1.2,
540,C12A,V02M,8.1,0.0,
541,C12A,V03A,17.4,1.0,
542,C12A,V03B,18.4,1.0,
543,C12A,V03C,31.6,1.5,
544,C12A,V03D,16.6,1.1,
545,C12A,V03E,16,1.0,
546,C12A,V03M,7.8,0.0,
547,C12A,V04A,7.5,0.9,
548,C12A,V04B,23,1.4,
549,C12A,V04C,47.4,1.7,
550,C12A,V04D,22.1,1.3,
551,C12A,V05A,16.6,1.3,
552,C12A,V05B,39.9,1.4,
553,C12A,V05C,28.8,1.4,
554,C12A,V05D,14.7,1.2,
555,C12A,V06A,61.6,1.4,
556,C12A,V07A,87,1.0,
557,C12A,V08A,52,2.4,
558,C12A,V09A,71.9,1.4,
559,C12A,V10A,15.1,1.1,
560,C12A,V11A,86.5,1.1,
561,C12A,V11B,5.2,0.6,
562,C12A,V11C,4.5,0.6,
563,C12A,V11D,1.8,0.5,
564,C12A,V11E,2,0.5,
565,C12A,V11M,2.8,0.1,
566,C12A,V12A,61.5,1.5,
567,C12A,V13A,79.5,1.3,
568,C12A,V14A,72.8,1.6,
569,C12A,V15A,78.4,1.2,
570,C12A,V16A,61.9,1.5,
571,C12A,V16B,22.8,1.2,
572,C12A,V16C,12.3,1.0,
573,C12A,V16D,3,0.5,
574,C12A,V17A,8.9,0.8,
575,C12A,V17B,22.8,1.3,
576,C12A,V17C,54.5,1.5,
577,C12A,V17D,13.9,1.1,
578,C12A,V17M,6.9,0.0,
579,C12A,V18A,12.9,1.0,
580,C12A,V18B,22.8,1.1,
581,C12A,V18C,41.5,1.4,
582,C12A,V18D,22.8,1.2,
583,C12A,V18M,6.9,0.1,
584,C12A,V19A,9.9,0.9,
585,C12A,V19B,25.8,1.2,
586,C12A,V19C,48.2,1.5,
587,C12A,V19D,16.2,1.1,
588,C12A,V19M,6.9,0.1,
589,C12A,V20A,13.5,0.9,
590,C12A,V20B,23.8,1.3,
591,C12A,V20C,42.8,1.3,
592,C12A,V20D,19.8,1.1,
593,C12A,V20M,6.8,0.1,
594,C12A,V21A,41.6,1.5,
595,C12A,V21B,37.5,1.6,
596,C12A,V21C,18.5,1.2,
597,C12A,V21D,2.3,0.4,
598,C12A,V21M,4.6,0.1,
599,C12A,V22A,26.4,1.3,
600,C12A,V22B,35.2,1.4,
601,C12A,V22C,31.6,1.3,
602,C12A,V22D,6.8,0.8,
603,C12A,V22M,5.5,0.1,
604,C12A,V23A,5.7,0.8,
605,C12A,V23B,10,0.9,
606,C12A,V23C,36.9,1.6,
607,C12A,V23D,47.4,1.5,
608,C12A,V23M,8,0.1,
609,C12A,V24A,87.9,1.1,
610,C12A,V25A,86.1,1.0,
611,C12A,V26A,88.9,0.8,
612,C12A,V27A,57,1.7,
613,C12A,V28A,83,1.0,
614,C12A,V29A,85.1,1.0,
615,C12A,V30A,88.5,1.0,
616,C12B,V00T,12.8,0.0,B
617,C12B,V01A,23,3.4,
618,C12B,V01B,21.1,3.2,
619,C12B,V01C,25.1,3.1,
620,C12B,V01D,10.3,2.0,
621,C12B,V01E,20.4,3.1,
622,C12B,V01M,7.6,0.1,
623,C12B,V02A,18.2,3.2,
624,C12B,V02B,20.4,2.8,
625,C12B,V02C,21.7,2.8,
626,C12B,V02D,11.8,2.2,
627,C12B,V02E,27.8,3.0,
628,C12B,V02M,7.9,0.1,
629,C12B,V03A,25.1,3.4,
630,C12B,V03B,21.7,2.8,
631,C12B,V03C,27.9,3.1,
632,C12B,V03D,9.3,2.0,
633,C12B,V03E,16,2.4,
634,C12B,V03M,7.4,0.1,
635,C12B,V04A,17.9,2.6,
636,C12B,V04B,31.8,3.9,
637,C12B,V04C,36.8,4.1,
638,C12B,V04D,13.5,2.3,
639,C12B,V05A,9.1,2.1,
640,C12B,V05B,33.6,3.7,
641,C12B,V05C,38.4,3.9,
642,C12B,V05D,18.9,2.8,
643,C12B,V06A,62,3.8,
644,C12B,V07A,84.8,2.5,
645,C12B,V08A,52.2,4.8,
646,C12B,V09A,63.9,4.0,
647,C12B,V10A,24.4,3.9,
648,C12B,V11A,78.5,3.1,
649,C12B,V11B,7.1,2.0,
650,C12B,V11C,7.1,1.9,
651,C12B,V11D,2.9,1.3,*
652,C12B,V11E,4.4,1.3,
653,C12B,V11M,3.5,0.2,
654,C12B,V12A,62.4,3.9,
655,C12B,V13A,77.1,3.8,
656,C12B,V14A,71.2,3.7,
657,C12B,V15A,74.6,3.0,
658,C12B,V16A,57.1,3.3,
659,C12B,V16B,23.9,3.0,
660,C12B,V16C,12.7,2.4,
661,C12B,V16D,6.3,1.7,
662,C12B,V17A,19.1,2.4,
663,C12B,V17B,32.2,3.3,
664,C12B,V17C,40.4,3.6,
665,C12B,V17D,8.3,2.1,
666,C12B,V17M,6,0.1,
667,C12B,V18A,23.2,3.4,
668,C12B,V18B,32.5,3.2,
669,C12B,V18C,29,3.5,
670,C12B,V18D,15.3,2.4,
671,C12B,V18M,5.9,0.2,
672,C12B,V19A,16.6,2.5,
673,C12B,V19B,34.4,3.5,
674,C12B,V19C,35.6,3.4,
675,C12B,V19D,13.4,2.7,
676,C12B,V19M,6.3,0.1,
677,C12B,V20A,21.4,3.3,
678,C12B,V20B,26.8,2.7,
679,C12B,V20C,33.5,3.6,
680,C12B,V20D,18.4,3.1,
681,C12B,V20M,6.3,0.2,
682,C12B,V21A,50.1,3.6,
683,C12B,V21B,35.6,3.4,
684,C12B,V21C,11.1,2.4,
685,C12B,V21D,3.2,1.4,*
686,C12B,V21M,4.2,0.2,
687,C12B,V22A,35.7,3.6,
688,C12B,V22B,36.2,3.3,
689,C12B,V22C,24.6,2.8,
690,C12B,V22D,3.6,1.1,*
691,C12B,V22M,4.9,0.2,
692,C12B,V23A,14.9,2.8,
693,C12B,V23B,21.3,2.9,
694,C12B,V23C,35.8,3.9,
695,C12B,V23D,28,3.4,
696,C12B,V23M,6.9,0.2,
697,C12B,V24A,87.6,2.1,
698,C12B,V25A,86.1,2.5,
699,C12B,V26A,89.8,2.1,
700,C12B,V27A,61.4,3.4,
701,C12B,V28A,85.1,2.4,
702,C12B,V29A,84.6,2.8,
703,C12B,V30A,84,2.4,
704,C12C,V00T,8.2,1.0,
705,C12C,V01A,23.3,3.7,
706,C12C,V01B,23.5,3.9,
707,C12C,V01C,27.2,4.5,
708,C12C,V01D,9.8,3.2,*
709,C12C,V01E,16.2,3.5,
710,C12C,V01M,7.5,0.2,
711,C12C,V02A,18.8,3.8,
712,C12C,V02B,17.1,4.0,
713,C12C,V02C,25.5,5.1,
714,C12C,V02D,18.7,4.3,
715,C12C,V02E,19.8,4.1,
716,C12C,V02M,7.9,0.2,
717,C12C,V03A,17.5,4.2,
718,C12C,V03B,19.2,5.0,
719,C12C,V03C,30,4.7,
720,C12C,V03D,13,3.5,
721,C12C,V03E,20.2,4.6,
722,C12C,V03M,7.8,0.2,
723,C12C,V04A,26.5,4.9,
724,C12C,V04B,45.2,7.2,
725,C12C,V04C,23.5,5.0,
726,C12C,V04D,4.7,2.0,*
727,C12C,V05A,14.8,4.0,
728,C12C,V05B,33,4.7,
729,C12C,V05C,35.1,4.5,
730,C12C,V05D,17,4.0,
731,C12C,V06A,62.2,5.5,
732,C12C,V07A,85.6,3.1,
733,C12C,V08A,53,6.6,
734,C12C,V09A,72.7,5.3,
735,C12C,V10A,16,3.7,
736,C12C,V11A,69.7,5.1,
737,C12C,V11B,8.7,3.6,*
738,C12C,V11C,9.3,3.1,*
739,C12C,V11D,4.6,2.7,**
740,C12C,V11E,7.6,2.4,*
741,C12C,V11M,4.5,0.3,
742,C12C,V12A,71.7,6.6,
743,C12C,V13A,79.6,5.0,
744,C12C,V14A,80.6,4.3,
745,C12C,V15A,78.5,5.2,
746,C12C,V16A,69.1,4.7,
747,C12C,V16B,17.7,3.8,
748,C12C,V16C,10.9,3.0,
749,C12C,V16D,2.3,1.5,**
750,C12C,V17A,13.5,3.5,
751,C12C,V17B,40.8,6.4,
752,C12C,V17C,35.1,6.1,
753,C12C,V17D,10.6,3.3,*
754,C12C,V17M,6.2,0.2,
755,C12C,V18A,14.9,4.0,
756,C12C,V18B,26.2,5.2,
757,C12C,V18C,40.3,5.5,
758,C12C,V18D,18.6,4.2,
759,C12C,V18M,6.6,0.2,
760,C12C,V19A,7.2,2.5,*
761,C12C,V19B,23.2,4.2,
762,C12C,V19C,43.9,5.8,
763,C12C,V19D,25.7,4.7,
764,C12C,V19M,7.2,0.2,
765,C12C,V20A,8.7,2.9,*
766,C12C,V20B,20.7,4.0,
767,C12C,V20C,43.3,5.3,
768,C12C,V20D,27.3,5.3,
769,C12C,V20M,7.2,0.2,
770,C12C,V21A,46.7,5.2,
771,C12C,V21B,30.1,4.3,
772,C12C,V21C,18.1,4.2,
773,C12C,V21D,5.1,2.3,*
774,C12C,V21M,4.7,0.3,
775,C12C,V22A,25.7,6.0,
776,C12C,V22B,31.1,6.0,
777,C12C,V22C,30.2,5.3,
778,C12C,V22D,13,3.5,
779,C12C,V22M,5.8,0.3,
780,C12C,V23A,9.1,2.7,
781,C12C,V23B,19.1,3.8,
782,C12C,V23C,40.6,4.9,
783,C12C,V23D,31.3,4.1,
784,C12C,V23M,7.3,0.2,
785,C12C,V24A,89.8,3.0,
786,C12C,V25A,87,3.1,
787,C12C,V26A,90,3.1,
788,C12C,V27A,57.6,5.3,
789,C12C,V28A,88.4,3.2,
790,C12C,V29A,79.4,3.8,
791,C12C,V30A,85.2,3.6,
792,C12D,V00T,14.7,1.1,
793,C12D,V01A,19.7,3.3,
794,C12D,V01B,17.2,3.6,
795,C12D,V01C,30.7,3.7,
796,C12D,V01D,13.9,3.1,
797,C12D,V01E,18.5,3.6,
798,C12D,V01M,7.8,0.2,
799,C12D,V02A,15.5,2.8,
800,C12D,V02B,18.1,3.1,
801,C12D,V02C,29.2,3.4,
802,C12D,V02D,17,2.9,
803,C12D,V02E,20.3,3.6,
804,C12D,V02M,7.9,0.1,
805,C12D,V03A,12.5,2.4,
806,C12D,V03B,14.8,3.0,
807,C12D,V03C,32,3.9,
808,C12D,V03D,17.7,3.0,
809,C12D,V03E,23,3.3,
810,C12D,V03M,8.2,0.1,
811,C12D,V04A,8.7,2.0,
812,C12D,V04B,35.6,4.0,
813,C12D,V04C,44.8,4.1,
814,C12D,V04D,10.9,2.9,
815,C12D,V05A,19.7,2.9,
816,C12D,V05B,38.9,3.9,
817,C12D,V05C,29.9,3.2,
818,C12D,V05D,11.6,2.4,
819,C12D,V06A,61.4,3.9,
820,C12D,V07A,86.4,2.6,
821,C12D,V08A,53.5,4.9,
822,C12D,V09A,73.9,3.4,
823,C12D,V10A,25.8,3.3,
824,C12D,V11A,60.5,4.2,
825,C12D,V11B,11.7,2.7,
826,C12D,V11C,7.6,2.0,
827,C12D,V11D,5.3,1.5,
828,C12D,V11E,14.9,3.4,
829,C12D,V11M,5.1,0.3,
830,C12D,V12A,48.6,4.2,
831,C12D,V13A,82.7,3.0,
832,C12D,V14A,74.6,3.9,
833,C12D,V15A,81.2,3.4,
834,C12D,V16A,51.5,4.2,
835,C12D,V16B,25,3.5,
836,C12D,V16C,19.2,3.1,
837,C12D,V16D,4.3,1.8,*
838,C12D,V17A,6.5,2.2,*
839,C12D,V17B,19.5,2.9,
840,C12D,V17C,50,3.6,
841,C12D,V17D,24,3.3,
842,C12D,V17M,7.3,0.2,
843,C12D,V18A,4.1,1.4,*
844,C12D,V18B,18.3,3.3,
845,C12D,V18C,41.1,3.8,
846,C12D,V18D,36.5,4.3,
847,C12D,V18M,7.7,0.2,
848,C12D,V19A,2.6,1.0,*
849,C12D,V19B,17,3.1,
850,C12D,V19C,42,4.1,
851,C12D,V19D,38.4,4.2,
852,C12D,V19M,7.9,0.1,
853,C12D,V20A,5.4,1.7,*
854,C12D,V20B,14.9,2.4,
855,C12D,V20C,43.8,4.1,
856,C12D,V20D,35.9,4.1,
857,C12D,V20M,7.7,0.1,
858,C12D,V21A,16.5,3.0,
859,C12D,V21B,30.2,3.8,
860,C12D,V21C,37.8,3.8,
861,C12D,V21D,15.6,2.9,
862,C12D,V21M,6.4,0.2,
863,C12D,V22A,9.9,2.3,
864,C12D,V22B,28.1,3.9,
865,C12D,V22C,39.4,4.2,
866,C12D,V22D,22.6,4.0,
867,C12D,V22M,6.9,0.2,
868,C12D,V23A,3.5,1.1,*
869,C12D,V23B,12.6,2.4,
870,C12D,V23C,33.7,3.6,
871,C12D,V23D,50.3,3.9,
872,C12D,V23M,8.2,0.1,
873,C12D,V24A,84.7,2.8,
874,C12D,V25A,77.1,3.3,
875,C12D,V26A,85.9,2.6,
876,C12D,V27A,38.5,4.0,
877,C12D,V28A,82.1,3.1,
878,C12D,V29A,72.2,3.5,
879,C12D,V30A,62.3,4.3,
880,C13A,V00T,3.6,0.0,B
881,C13A,V01A,19.5,6.9,*
882,C13A,V01B,14,3.6,
883,C13A,V01C,34.2,6.3,
884,C13A,V01D,13.2,3.9,
885,C13A,V01E,19.2,4.6,
886,C13A,V01M,7.7,0.3,
887,C13A,V02A,17.8,5.8,*
888,C13A,V02B,15.7,6.5,*
889,C13A,V02C,24.2,6.1,
890,C13A,V02D,13.9,4.1,
891,C13A,V02E,28.4,5.5,
892,C13A,V02M,8,0.2,
893,C13A,V03A,28.5,8.2,
894,C13A,V03B,12.9,3.9,
895,C13A,V03C,30.4,7.1,
896,C13A,V03D,9.9,3.6,*
897,C13A,V03E,18.4,3.3,
898,C13A,V03M,7.5,0.3,
899,C13A,V04A,11.4,3.8,*
900,C13A,V04B,29.3,7.7,
901,C13A,V04C,42.5,7.7,
902,C13A,V04D,16.8,5.9,*
903,C13A,V05A,9.7,3.8,*
904,C13A,V05B,39.3,5.9,
905,C13A,V05C,36.8,6.1,
906,C13A,V05D,14.2,5.5,*
907,C13A,V06A,54.9,10.8,
908,C13A,V07A,83.3,6.0,
909,C13A,V08A,60.3,18.7,*
910,C13A,V09A,64.8,8.1,
911,C13A,V10A,18.7,5.0,
912,C13A,V11A,81.8,5.1,
913,C13A,V11B,5.9,2.9,*
914,C13A,V11C,7.1,4.1,**
915,C13A,V11D,2.2,1.9,**
916,C13A,V11E,3,1.5,**
917,C13A,V11M,3.6,0.4,
918,C13A,V12A,63.3,6.7,
919,C13A,V13A,78.4,6.5,
920,C13A,V14A,67.6,6.2,
921,C13A,V15A,70.6,5.9,
922,C13A,V16A,57,6.6,
923,C13A,V16B,22,4.7,
924,C13A,V16C,13.1,3.8,
925,C13A,V16D,7.9,4.8,**
926,C13A,V17A,13.8,4.3,*
927,C13A,V17B,26,6.3,
928,C13A,V17C,52.3,8.0,
929,C13A,V17D,7.9,3.9,*
930,C13A,V17M,6.5,0.3,
931,C13A,V18A,19.8,4.7,
932,C13A,V18B,32.9,5.4,
933,C13A,V18C,30.9,5.7,
934,C13A,V18D,16.4,5.1,*
935,C13A,V18M,6.1,0.3,
936,C13A,V19A,15.6,4.4,
937,C13A,V19B,31.5,4.3,
938,C13A,V19C,40.5,4.9,
939,C13A,V19D,12.4,3.6,
940,C13A,V19M,6.4,0.2,
941,C13A,V20A,19.3,5.2,
942,C13A,V20B,24.7,5.6,
943,C13A,V20C,38.2,8.0,
944,C13A,V20D,17.8,5.3,
945,C13A,V20M,6.4,0.4,
946,C13A,V21A,45.3,5.8,
947,C13A,V21B,35.2,5.8,
948,C13A,V21C,15.7,5.5,*
949,C13A,V21D,3.8,3.7,**
950,C13A,V21M,4.5,0.3,
951,C13A,V22A,28,5.9,
952,C13A,V22B,37.2,4.4,
953,C13A,V22C,28.5,5.5,
954,C13A,V22D,6.3,3.3,**
955,C13A,V22M,5.3,0.3,
956,C13A,V23A,13.5,4.1,*
957,C13A,V23B,15.1,3.8,
958,C13A,V23C,39.8,7.1,
959,C13A,V23D,31.6,5.1,
960,C13A,V23M,7.2,0.3,
961,C13A,V24A,85.6,5.7,
962,C13A,V25A,83.4,4.3,
963,C13A,V26A,87.2,4.0,
964,C13A,V27A,53.7,6.2,
965,C13A,V28A,82.9,5.1,
966,C13A,V29A,83.9,4.7,
967,C13A,V30A,87.3,4.4,
968,C13B,V00T,34.9,0.0,B
969,C13B,V01A,19.8,1.9,
970,C13B,V01B,20.3,1.9,
971,C13B,V01C,31.3,1.9,
972,C13B,V01D,14.3,1.9,
973,C13B,V01E,14.3,1.8,
974,C13B,V01M,7.6,0.1,
975,C13B,V02A,15.5,1.8,
976,C13B,V02B,17.8,1.8,
977,C13B,V02C,28.3,2.4,
978,C13B,V02D,20,2.2,
979,C13B,V02E,18.5,2.0,
980,C13B,V02M,8,0.1,
981,C13B,V03A,15,1.6,
982,C13B,V03B,18,1.6,
983,C13B,V03C,33.7,2.5,
984,C13B,V03D,16.6,2.1,
985,C13B,V03E,16.7,1.7,
986,C13B,V03M,7.9,0.1,
987,C13B,V04A,13.6,1.6,
988,C13B,V04B,31.5,3.0,
989,C13B,V04C,39.9,2.6,
990,C13B,V04D,15,1.8,
991,C13B,V05A,18.2,1.6,
992,C13B,V05B,40.2,2.4,
993,C13B,V05C,28.6,2.5,
994,C13B,V05D,13.1,1.9,
995,C13B,V06A,61.1,2.9,
996,C13B,V07A,89.2,1.5,
997,C13B,V08A,53.8,3.6,
998,C13B,V09A,76.7,2.0,
999,C13B,V10A,16.6,1.9,
1000,C13B,V11A,74,2.7,
1001,C13B,V11B,8.4,1.6,
1002,C13B,V11C,7.1,1.3,
1003,C13B,V11D,4,1.1,
1004,C13B,V11E,6.5,1.3,
1005,C13B,V11M,3.9,0.2,
1006,C13B,V12A,60.2,3.3,
1007,C13B,V13A,79.2,2.2,
1008,C13B,V14A,74.8,2.6,
1009,C13B,V15A,78.7,2.5,
1010,C13B,V16A,64.5,2.6,
1011,C13B,V16B,20.2,2.0,
1012,C13B,V16C,12.5,1.7,
1013,C13B,V16D,2.8,0.7,
1014,C13B,V17A,8.6,1.4,
1015,C13B,V17B,25.3,2.5,
1016,C13B,V17C,51.1,2.7,
1017,C13B,V17D,15,1.8,
1018,C13B,V17M,6.9,0.1,
1019,C13B,V18A,10.6,1.4,
1020,C13B,V18B,23.8,2.3,
1021,C13B,V18C,42.6,2.5,
1022,C13B,V18D,23.1,2.5,
1023,C13B,V18M,7,0.1,
1024,C13B,V19A,7,1.1,
1025,C13B,V19B,22.8,2.4,
1026,C13B,V19C,47.7,2.3,
1027,C13B,V19D,22.6,2.3,
1028,C13B,V19M,7.2,0.1,
1029,C13B,V20A,8.4,1.2,
1030,C13B,V20B,19.4,1.8,
1031,C13B,V20C,46.8,2.7,
1032,C13B,V20D,25.5,2.7,
1033,C13B,V20M,7.2,0.1,
1034,C13B,V21A,35.7,2.6,
1035,C13B,V21B,35.7,2.4,
1036,C13B,V21C,23.2,2.2,
1037,C13B,V21D,5.4,1.4,
1038,C13B,V21M,5.1,0.1,
1039,C13B,V22A,22.5,2.5,
1040,C13B,V22B,34.5,2.7,
1041,C13B,V22C,32.8,2.6,
1042,C13B,V22D,10.2,1.7,
1043,C13B,V22M,5.8,0.1,
1044,C13B,V23A,6.3,1.2,
1045,C13B,V23B,13.4,1.6,
1046,C13B,V23C,37.2,2.4,
1047,C13B,V23D,43.1,2.4,
1048,C13B,V23M,7.8,0.1,
1049,C13B,V24A,88,1.7,
1050,C13B,V25A,85.5,1.7,
1051,C13B,V26A,89.9,1.5,
1052,C13B,V27A,50.7,2.8,
1053,C13B,V28A,86.1,1.5,
1054,C13B,V29A,80.5,2.0,
1055,C13B,V30A,82,2.2,
1056,C13C,V00T,9.4,0.0,B
1057,C13C,V01A,20.2,3.2,
1058,C13C,V01B,15.8,2.8,
1059,C13C,V01C,30.4,3.0,
1060,C13C,V01D,13.3,2.7,
1061,C13C,V01E,20.3,2.5,
1062,C13C,V01M,7.7,0.2,
1063,C13C,V02A,12.7,2.3,
1064,C13C,V02B,13.7,2.6,
1065,C13C,V02C,29.6,3.3,
1066,C13C,V02D,16,3.6,
1067,C13C,V02E,28,3.3,
1068,C13C,V02M,8.2,0.1,
1069,C13C,V03A,18.1,2.7,
1070,C13C,V03B,16.2,2.8,
1071,C13C,V03C,28.8,3.3,
1072,C13C,V03D,15.5,3.5,
1073,C13C,V03E,21.4,3.2,
1074,C13C,V03M,7.9,0.1,
1075,C13C,V04A,8.6,1.8,
1076,C13C,V04B,25.7,3.4,
1077,C13C,V04C,43.6,4.0,
1078,C13C,V04D,22.1,3.2,
1079,C13C,V05A,16.3,3.8,
1080,C13C,V05B,35.7,4.1,
1081,C13C,V05C,28.6,3.3,
1082,C13C,V05D,19.3,3.2,
1083,C13C,V06A,55.9,4.6,
1084,C13C,V07A,83.1,2.7,
1085,C13C,V08A,45.7,5.9,
1086,C13C,V09A,65.8,3.8,
1087,C13C,V10A,16.6,2.6,
1088,C13C,V11A,78.5,3.3,
1089,C13C,V11B,7.8,1.9,
1090,C13C,V11C,5.8,1.8,*
1091,C13C,V11D,3.3,1.5,*
1092,C13C,V11E,4.7,1.5,*
1093,C13C,V11M,3.4,0.3,
1094,C13C,V12A,61.8,4.4,
1095,C13C,V13A,80.3,3.4,
1096,C13C,V14A,68.5,3.6,
1097,C13C,V15A,72.7,3.4,
1098,C13C,V16A,60.5,4.4,
1099,C13C,V16B,21.3,2.8,
1100,C13C,V16C,13.9,2.9,
1101,C13C,V16D,4.3,1.7,*
1102,C13C,V17A,11.4,2.6,
1103,C13C,V17B,23.5,3.9,
1104,C13C,V17C,50.4,4.2,
1105,C13C,V17D,14.6,3.1,
1106,C13C,V17M,6.8,0.2,
1107,C13C,V18A,14.8,2.5,
1108,C13C,V18B,22.6,3.6,
1109,C13C,V18C,36.2,3.6,
1110,C13C,V18D,26.5,3.7,
1111,C13C,V18M,6.8,0.2,
1112,C13C,V19A,9.8,2.1,
1113,C13C,V19B,25.7,3.8,
1114,C13C,V19C,43.7,3.6,
1115,C13C,V19D,20.8,3.4,
1116,C13C,V19M,7,0.2,
1117,C13C,V20A,13.7,2.4,
1118,C13C,V20B,24.2,3.3,
1119,C13C,V20C,38,3.7,
1120,C13C,V20D,24.1,3.1,
1121,C13C,V20M,6.8,0.2,
1122,C13C,V21A,42.3,3.6,
1123,C13C,V21B,35.7,3.7,
1124,C13C,V21C,15.5,3.2,
1125,C13C,V21D,6.5,2.1,*
1126,C13C,V21M,4.7,0.2,
1127,C13C,V22A,27.9,3.2,
1128,C13C,V22B,33.6,3.3,
1129,C13C,V22C,27.1,4.3,
1130,C13C,V22D,11.4,3.5,*
1131,C13C,V22M,5.5,0.2,
1132,C13C,V23A,7.4,2.4,*
1133,C13C,V23B,10.1,2.1,
1134,C13C,V23C,33.5,4.1,
1135,C13C,V23D,49,4.5,
1136,C13C,V23M,8,0.2,
1137,C13C,V24A,85.7,2.8,
1138,C13C,V25A,81.1,3.4,
1139,C13C,V26A,84.5,3.3,
1140,C13C,V27A,50.9,3.4,
1141,C13C,V28A,79.6,3.1,
1142,C13C,V29A,82.4,2.9,
1143,C13C,V30A,83.7,3.3,
1144,C13D,V00T,6.2,0.0,B
1145,C13D,V01A,18.4,3.9,
1146,C13D,V01B,20.3,4.5,
1147,C13D,V01C,25.6,4.0,
1148,C13D,V01D,18.6,4.4,
1149,C13D,V01E,17.1,4.3,
1150,C13D,V01M,7.7,0.2,
1151,C13D,V02A,13.3,3.5,
1152,C13D,V02B,14.7,3.8,
1153,C13D,V02C,27.6,5.2,
1154,C13D,V02D,12.9,3.0,
1155,C13D,V02E,31.5,4.8,
1156,C13D,V02M,8.2,0.2,
1157,C13D,V03A,21.8,4.2,
1158,C13D,V03B,20.7,3.9,
1159,C13D,V03C,29.4,4.6,
1160,C13D,V03D,12.5,4.4,*
1161,C13D,V03E,15.6,3.5,
1162,C13D,V03M,7.5,0.2,
1163,C13D,V04A,10.6,3.3,*
1164,C13D,V04B,26.3,4.1,
1165,C13D,V04C,44.6,5.2,
1166,C13D,V04D,18.5,3.6,
1167,C13D,V05A,14.6,4.3,
1168,C13D,V05B,37.4,5.8,
1169,C13D,V05C,33.2,4.5,
1170,C13D,V05D,14.8,2.9,
1171,C13D,V06A,64.1,4.6,
1172,C13D,V07A,86,3.0,
1173,C13D,V08A,45.6,6.6,
1174,C13D,V09A,66.6,5.5,
1175,C13D,V10A,21.2,5.5,
1176,C13D,V11A,82.5,3.7,
1177,C13D,V11B,7.2,2.3,*
1178,C13D,V11C,4.9,2.1,*
1179,C13D,V11D,1.5,1.0,**
1180,C13D,V11E,3.9,2.1,**
1181,C13D,V11M,3,0.3,
1182,C13D,V12A,58.4,6.2,
1183,C13D,V13A,77.3,5.2,
1184,C13D,V14A,68.7,5.7,
1185,C13D,V15A,75.8,4.8,
1186,C13D,V16A,60.6,4.6,
1187,C13D,V16B,21.4,3.8,
1188,C13D,V16C,14,3.7,
1189,C13D,V16D,4.1,2.2,**
1190,C13D,V17A,13.4,3.6,
1191,C13D,V17B,27.3,4.9,
1192,C13D,V17C,43.7,5.3,
1193,C13D,V17D,15.5,4.6,
1194,C13D,V17M,6.5,0.2,
1195,C13D,V18A,15.8,4.4,
1196,C13D,V18B,25.1,3.8,
1197,C13D,V18C,39,4.4,
1198,C13D,V18D,20,5.0,
1199,C13D,V18M,6.6,0.3,
1200,C13D,V19A,11.2,2.7,
1201,C13D,V19B,30.4,4.6,
1202,C13D,V19C,40.4,4.8,
1203,C13D,V19D,18.1,4.0,
1204,C13D,V19M,6.7,0.3,
1205,C13D,V20A,16.6,4.3,
1206,C13D,V20B,25.1,4.2,
1207,C13D,V20C,37,3.8,
1208,C13D,V20D,21.3,5.0,
1209,C13D,V20M,6.6,0.3,
1210,C13D,V21A,46.4,5.3,
1211,C13D,V21B,33.7,4.6,
1212,C13D,V21C,15.6,3.2,
1213,C13D,V21D,4.3,2.3,**
1214,C13D,V21M,4.5,0.3,
1215,C13D,V22A,35.7,5.2,
1216,C13D,V22B,33.3,4.7,
1217,C13D,V22C,24.8,3.9,
1218,C13D,V22D,6.2,2.9,*
1219,C13D,V22M,5.1,0.3,
1220,C13D,V23A,6.5,2.4,*
1221,C13D,V23B,13.7,4.0,
1222,C13D,V23C,33.2,5.0,
1223,C13D,V23D,46.6,6.1,
1224,C13D,V23M,7.9,0.2,
1225,C13D,V24A,83.9,4.1,
1226,C13D,V25A,81.5,4.1,
1227,C13D,V26A,84.9,3.6,
1228,C13D,V27A,51.7,5.0,
1229,C13D,V28A,78.3,4.4,
1230,C13D,V29A,81.4,3.4,
1231,C13D,V30A,80.2,4.3,
1232,C13E,V00T,4.3,0.0,B
1233,C13E,V01A,18.5,4.3,
1234,C13E,V01B,18.1,4.5,
1235,C13E,V01C,27.1,5.3,
1236,C13E,V01D,15.6,3.4,
1237,C13E,V01E,20.7,5.2,
1238,C13E,V01M,7.8,0.2,
1239,C13E,V02A,12.8,4.3,*
1240,C13E,V02B,15.4,5.0,*
1241,C13E,V02C,26.1,5.1,
1242,C13E,V02D,18.8,4.1,
1243,C13E,V02E,27,5.2,
1244,C13E,V02M,8.2,0.2,
1245,C13E,V03A,18.5,4.6,
1246,C13E,V03B,19.4,5.1,
1247,C13E,V03C,26.3,4.9,
1248,C13E,V03D,17.4,4.3,
1249,C13E,V03E,18.4,5.7,*
1250,C13E,V03M,7.8,0.2,
1251,C13E,V04A,6.5,2.7,*
1252,C13E,V04B,27.7,5.4,
1253,C13E,V04C,48.8,5.1,
1254,C13E,V04D,17,3.6,
1255,C13E,V05A,12.5,3.1,
1256,C13E,V05B,37,5.2,
1257,C13E,V05C,32.5,5.7,
1258,C13E,V05D,18,4.8,
1259,C13E,V06A,55.5,6.6,
1260,C13E,V07A,81,4.2,
1261,C13E,V08A,31.9,7.7,
1262,C13E,V09A,66.8,5.3,
1263,C13E,V10A,23.8,5.5,
1264,C13E,V11A,79.2,5.0,
1265,C13E,V11B,7.5,4.1,**
1266,C13E,V11C,8.4,3.5,*
1267,C13E,V11D,S,,S
1268,C13E,V11E,4.3,2.3,**
1269,C13E,V11M,3.7,0.3,
1270,C13E,V12A,69.5,5.5,
1271,C13E,V13A,80.8,3.9,
1272,C13E,V14A,74.8,4.7,
1273,C13E,V15A,74.8,4.6,
1274,C13E,V16A,56.8,6.3,
1275,C13E,V16B,25.3,5.2,
1276,C13E,V16C,13.2,4.5,*
1277,C13E,V16D,4.7,4.0,**
1278,C13E,V17A,12.8,2.9,
1279,C13E,V17B,26,4.7,
1280,C13E,V17C,49.6,6.0,
1281,C13E,V17D,11.6,3.9,*
1282,C13E,V17M,6.6,0.2,
1283,C13E,V18A,16.9,3.7,
1284,C13E,V18B,22,4.1,
1285,C13E,V18C,36.7,5.0,
1286,C13E,V18D,24.4,5.1,
1287,C13E,V18M,6.7,0.3,
1288,C13E,V19A,14.2,3.9,
1289,C13E,V19B,24.5,3.7,
1290,C13E,V19C,43,5.1,
1291,C13E,V19D,18.3,4.9,
1292,C13E,V19M,6.7,0.2,
1293,C13E,V20A,19.3,4.2,
1294,C13E,V20B,25.6,4.4,
1295,C13E,V20C,33.7,5.3,
1296,C13E,V20D,21.3,4.6,
1297,C13E,V20M,6.5,0.3,
1298,C13E,V21A,43.9,6.0,
1299,C13E,V21B,32.9,5.4,
1300,C13E,V21C,17.9,2.9,
1301,C13E,V21D,5.3,3.3,**
1302,C13E,V21M,4.7,0.3,
1303,C13E,V22A,22.7,3.9,
1304,C13E,V22B,40.1,5.4,
1305,C13E,V22C,27.5,4.9,
1306,C13E,V22D,9.7,3.7,*
1307,C13E,V22M,5.7,0.2,
1308,C13E,V23A,7.1,2.6,*
1309,C13E,V23B,14.4,3.7,
1310,C13E,V23C,36.2,4.4,
1311,C13E,V23D,42.3,5.1,
1312,C13E,V23M,7.7,0.2,
1313,C13E,V24A,83.9,4.2,
1314,C13E,V25A,81.4,4.0,
1315,C13E,V26A,85.6,4.2,
1316,C13E,V27A,55.5,4.8,
1317,C13E,V28A,80.6,4.3,
1318,C13E,V29A,82.9,4.0,
1319,C13E,V30A,82.8,4.3,
1320,C13F,V00T,2.4,0.0,B
1321,C13F,V01A,16,4.8,
1322,C13F,V01B,19.4,4.8,
1323,C13F,V01C,27,6.3,
1324,C13F,V01D,13,3.6,
1325,C13F,V01E,24.6,5.9,
1326,C13F,V01M,7.9,0.2,
1327,C13F,V02A,14.3,4.2,
1328,C13F,V02B,14.9,5.7,*
1329,C13F,V02C,26.7,7.0,
1330,C13F,V02D,15.1,4.9,*
1331,C13F,V02E,29,6.2,
1332,C13F,V02M,8.1,0.2,
1333,C13F,V03A,19.2,3.7,
1334,C13F,V03B,15.5,5.7,*
1335,C13F,V03C,23.1,5.2,
1336,C13F,V03D,21.7,6.5,
1337,C13F,V03E,20.5,5.2,
1338,C13F,V03M,7.8,0.2,
1339,C13F,V04A,9.2,3.5,*
1340,C13F,V04B,21.9,6.8,*
1341,C13F,V04C,50.3,6.5,
1342,C13F,V04D,18.6,5.0,
1343,C13F,V05A,15.7,6.0,*
1344,C13F,V05B,30.8,6.8,
1345,C13F,V05C,38.1,5.7,
1346,C13F,V05D,15.4,4.7,*
1347,C13F,V06A,68.6,6.7,
1348,C13F,V07A,88.6,3.8,
1349,C13F,V08A,52.9,7.9,
1350,C13F,V09A,66.4,6.1,
1351,C13F,V10A,12.8,4.0,*
1352,C13F,V11A,89.9,4.4,
1353,C13F,V11B,3.6,2.7,**
1354,C13F,V11C,4.2,3.0,**
1355,C13F,V11D,S,,S
1356,C13F,V11E,2,1.7,**
1357,C13F,V11M,2.4,0.5,
1358,C13F,V12A,58.6,7.1,
1359,C13F,V13A,80.3,6.6,
1360,C13F,V14A,75.2,6.0,
1361,C13F,V15A,78.1,5.6,
1362,C13F,V16A,64,6.1,
1363,C13F,V16B,18,3.7,
1364,C13F,V16C,13.7,3.7,
1365,C13F,V16D,4.3,2.7,**
1366,C13F,V17A,11.9,4.5,*
1367,C13F,V17B,24.2,6.8,
1368,C13F,V17C,48.5,7.6,
1369,C13F,V17D,15.4,5.6,*
1370,C13F,V17M,6.8,0.3,
1371,C13F,V18A,16.3,4.3,
1372,C13F,V18B,27.8,6.0,
1373,C13F,V18C,33.3,6.8,
1374,C13F,V18D,22.6,7.4,*
1375,C13F,V18M,6.5,0.4,
1376,C13F,V19A,15,5.5,*
1377,C13F,V19B,26.6,5.5,
1378,C13F,V19C,39.2,6.6,
1379,C13F,V19D,19.2,6.7,*
1380,C13F,V19M,6.7,0.4,
1381,C13F,V20A,22.1,5.5,
1382,C13F,V20B,21.4,5.7,
1383,C13F,V20C,38.3,6.9,
1384,C13F,V20D,18.3,6.0,*
1385,C13F,V20M,6.3,0.3,
1386,C13F,V21A,42.8,5.9,
1387,C13F,V21B,35.5,6.7,
1388,C13F,V21C,18.4,4.3,
1389,C13F,V21D,3.3,2.2,**
1390,C13F,V21M,4.6,0.2,
1391,C13F,V22A,33.8,6.5,
1392,C13F,V22B,28.2,4.9,
1393,C13F,V22C,31.1,6.6,
1394,C13F,V22D,6.9,3.3,*
1395,C13F,V22M,5.2,0.4,
1396,C13F,V23A,9.7,3.9,*
1397,C13F,V23B,18.3,6.1,*
1398,C13F,V23C,27.8,4.7,
1399,C13F,V23D,44.2,8.0,
1400,C13F,V23M,7.6,0.3,
1401,C13F,V24A,85.8,4.6,
1402,C13F,V25A,83.8,5.4,
1403,C13F,V26A,86.9,4.0,
1404,C13F,V27A,56.1,8.6,
1405,C13F,V28A,78.8,4.8,
1406,C13F,V29A,80.7,5.2,
1407,C13F,V30A,85.7,6.1,
1408,C13G,V00T,4.9,0.0,B
1409,C13G,V01A,19.4,4.5,
1410,C13G,V01B,19.5,4.0,
1411,C13G,V01C,29,4.3,
1412,C13G,V01D,12.9,3.0,
1413,C13G,V01E,19.2,4.3,
1414,C13G,V01M,7.7,0.2,
1415,C13G,V02A,15,3.7,
1416,C13G,V02B,18,3.4,
1417,C13G,V02C,26.9,4.0,
1418,C13G,V02D,14.6,3.6,
1419,C13G,V02E,25.5,5.0,
1420,C13G,V02M,8,0.2,
1421,C13G,V03A,20,3.3,
1422,C13G,V03B,21.4,4.1,
1423,C13G,V03C,26.8,4.3,
1424,C13G,V03D,14.6,4.2,
1425,C13G,V03E,17.2,2.8,
1426,C13G,V03M,7.7,0.1,
1427,C13G,V04A,8,3.6,*
1428,C13G,V04B,25.4,4.5,
1429,C13G,V04C,44.8,5.0,
1430,C13G,V04D,21.8,4.4,
1431,C13G,V05A,14.8,3.6,
1432,C13G,V05B,40.4,5.6,
1433,C13G,V05C,29.8,4.9,
1434,C13G,V05D,15,3.2,
1435,C13G,V06A,57,6.2,
1436,C13G,V07A,81.7,4.9,
1437,C13G,V08A,45.9,6.2,
1438,C13G,V09A,61.7,5.5,
1439,C13G,V10A,19.6,4.5,
1440,C13G,V11A,83,4.6,
1441,C13G,V11B,6.7,2.3,*
1442,C13G,V11C,3.6,2.7,**
1443,C13G,V11D,2,1.6,**
1444,C13G,V11E,4.7,3.3,**
1445,C13G,V11M,3.1,0.4,
1446,C13G,V12A,57.7,6.6,
1447,C13G,V13A,79.3,4.3,
1448,C13G,V14A,73,4.4,
1449,C13G,V15A,80.7,3.3,
1450,C13G,V16A,59.6,5.4,
1451,C13G,V16B,20,3.6,
1452,C13G,V16C,15.2,4.1,
1453,C13G,V16D,5.2,2.4,*
1454,C13G,V17A,12.2,3.5,
1455,C13G,V17B,25.7,5.2,
1456,C13G,V17C,48.3,5.9,
1457,C13G,V17D,13.8,3.7,
1458,C13G,V17M,6.6,0.2,
1459,C13G,V18A,15.8,3.8,
1460,C13G,V18B,27.1,4.4,
1461,C13G,V18C,33.2,4.8,
1462,C13G,V18D,24,4.6,
1463,C13G,V18M,6.7,0.3,
1464,C13G,V19A,12.6,3.9,*
1465,C13G,V19B,28.6,4.4,
1466,C13G,V19C,40.5,4.5,
1467,C13G,V19D,18.3,4.3,
1468,C13G,V19M,6.7,0.2,
1469,C13G,V20A,18.1,4.3,
1470,C13G,V20B,25.7,3.3,
1471,C13G,V20C,37.9,5.0,
1472,C13G,V20D,18.3,4.9,
1473,C13G,V20M,6.4,0.3,
1474,C13G,V21A,42.7,5.4,
1475,C13G,V21B,38.2,4.9,
1476,C13G,V21C,14,3.3,
1477,C13G,V21D,5.1,3.1,**
1478,C13G,V21M,4.5,0.2,
1479,C13G,V22A,28,5.1,
1480,C13G,V22B,34.9,5.8,
1481,C13G,V22C,27.6,5.4,
1482,C13G,V22D,9.4,4.8,**
1483,C13G,V22M,5.5,0.3,
1484,C13G,V23A,7.4,2.6,*
1485,C13G,V23B,13.3,3.8,
1486,C13G,V23C,34.5,4.4,
1487,C13G,V23D,44.8,4.6,
1488,C13G,V23M,7.7,0.2,
1489,C13G,V24A,85.7,4.2,
1490,C13G,V25A,80.4,5.3,
1491,C13G,V26A,85.9,4.1,
1492,C13G,V27A,52.4,5.2,
1493,C13G,V28A,75.4,4.8,
1494,C13G,V29A,80.6,4.5,
1495,C13G,V30A,81.8,5.4,
1496,C13H,V00T,10.8,0.0,B
1497,C13H,V01A,17.9,2.7,
1498,C13H,V01B,21.4,3.1,
1499,C13H,V01C,31.7,3.4,
1500,C13H,V01D,14.8,2.6,
1501,C13H,V01E,14.2,2.9,
1502,C13H,V01M,7.7,0.1,
1503,C13H,V02A,15.2,2.7,
1504,C13H,V02B,18.8,2.5,
1505,C13H,V02C,27.3,3.7,
1506,C13H,V02D,17.4,3.1,
1507,C13H,V02E,21.4,3.1,
1508,C13H,V02M,8,0.1,
1509,C13H,V03A,18.2,3.0,
1510,C13H,V03B,18.5,3.0,
1511,C13H,V03C,29.8,3.9,
1512,C13H,V03D,15.5,2.7,
1513,C13H,V03E,18,2.6,
1514,C13H,V03M,7.8,0.1,
1515,C13H,V04A,7.1,2.1,
1516,C13H,V04B,24,3.4,
1517,C13H,V04C,45.3,4.3,
1518,C13H,V04D,23.5,2.9,
1519,C13H,V05A,16,3.3,
1520,C13H,V05B,37,3.4,
1521,C13H,V05C,31.8,3.5,
1522,C13H,V05D,15.2,2.5,
1523,C13H,V06A,63.5,3.6,
1524,C13H,V07A,86.1,2.7,
1525,C13H,V08A,59.1,4.8,
1526,C13H,V09A,71.5,3.6,
1527,C13H,V10A,18.3,2.5,
1528,C13H,V11A,84.3,2.7,
1529,C13H,V11B,6.2,2.1,*
1530,C13H,V11C,4.2,1.2,
1531,C13H,V11D,1.1,0.7,**
1532,C13H,V11E,4.3,1.6,*
1533,C13H,V11M,3.1,0.2,
1534,C13H,V12A,56.7,3.6,
1535,C13H,V13A,79.2,3.6,
1536,C13H,V14A,71,3.8,
1537,C13H,V15A,78.1,3.3,
1538,C13H,V16A,56.3,3.6,
1539,C13H,V16B,26.8,3.2,
1540,C13H,V16C,14.3,3.0,
1541,C13H,V16D,2.7,1.3,*
1542,C13H,V17A,7.6,1.9,
1543,C13H,V17B,21.8,3.1,
1544,C13H,V17C,52.1,3.6,
1545,C13H,V17D,18.5,2.7,
1546,C13H,V17M,7,0.1,
1547,C13H,V18A,10.6,2.7,
1548,C13H,V18B,18.9,3.7,
1549,C13H,V18C,44.2,3.8,
1550,C13H,V18D,26.3,3.0,
1551,C13H,V18M,7.1,0.2,
1552,C13H,V19A,7.5,2.0,
1553,C13H,V19B,23.7,3.5,
1554,C13H,V19C,51.2,3.4,
1555,C13H,V19D,17.6,3.3,
1556,C13H,V19M,7.1,0.1,
1557,C13H,V20A,10.4,2.3,
1558,C13H,V20B,22.5,3.1,
1559,C13H,V20C,43.8,4.2,
1560,C13H,V20D,23.4,3.7,
1561,C13H,V20M,7.1,0.1,
1562,C13H,V21A,36.2,3.8,
1563,C13H,V21B,35.1,3.5,
1564,C13H,V21C,25.4,4.0,
1565,C13H,V21D,3.4,1.2,*
1566,C13H,V21M,5,0.2,
1567,C13H,V22A,19.3,2.9,
1568,C13H,V22B,29.7,3.5,
1569,C13H,V22C,40,3.9,
1570,C13H,V22D,11.1,2.7,
1571,C13H,V22M,6.1,0.2,
1572,C13H,V23A,5.9,1.9,*
1573,C13H,V23B,10.6,2.4,
1574,C13H,V23C,35.6,3.6,
1575,C13H,V23D,47.9,3.9,
1576,C13H,V23M,8,0.2,
1577,C13H,V24A,90.8,2.3,
1578,C13H,V25A,87,2.3,
1579,C13H,V26A,91.4,1.8,
1580,C13H,V27A,59.5,3.3,
1581,C13H,V28A,87.3,2.4,
1582,C13H,V29A,85.2,2.6,
1583,C13H,V30A,84.7,2.8,
1584,C13I,V00T,3.8,0.0,B
1585,C13I,V01A,16.4,5.4,*
1586,C13I,V01B,15.3,4.7,*
1587,C13I,V01C,33,6.2,
1588,C13I,V01D,13.2,4.1,*
1589,C13I,V01E,22.1,6.1,
1590,C13I,V01M,7.9,0.2,
1591,C13I,V02A,11.3,4.3,*
1592,C13I,V02B,14.3,4.4,*
1593,C13I,V02C,29.3,7.4,
1594,C13I,V02D,15.6,6.3,*
1595,C13I,V02E,29.5,6.0,
1596,C13I,V02M,8.2,0.3,
1597,C13I,V03A,13.8,4.2,*
1598,C13I,V03B,16.4,5.0,*
1599,C13I,V03C,32.7,6.1,
1600,C13I,V03D,18.9,7.0,*
1601,C13I,V03E,18.2,8.8,*
1602,C13I,V03M,8,0.2,
1603,C13I,V04A,6.3,3.4,**
1604,C13I,V04B,26.4,6.4,
1605,C13I,V04C,43.4,7.2,
1606,C13I,V04D,23.9,8.2,*
1607,C13I,V05A,13.9,5.4,*
1608,C13I,V05B,39.5,11.3,
1609,C13I,V05C,26.8,5.4,
1610,C13I,V05D,19.8,5.6,
1611,C13I,V06A,67.1,6.3,
1612,C13I,V07A,92.7,3.0,
1613,C13I,V08A,55.5,12.9,
1614,C13I,V09A,65.6,8.7,
1615,C13I,V10A,13.4,3.7,
1616,C13I,V11A,85.3,6.9,
1617,C13I,V11B,4.6,3.3,**
1618,C13I,V11C,2.8,2.4,**
1619,C13I,V11D,2.2,4.1,***
1620,C13I,V11E,5.1,9.2,***
1621,C13I,V11M,2.6,0.6,
1622,C13I,V12A,58,10.0,
1623,C13I,V13A,81.3,4.2,
1624,C13I,V14A,73.8,11.6,
1625,C13I,V15A,78.1,10.9,
1626,C13I,V16A,55.1,10.2,
1627,C13I,V16B,30.5,8.0,
1628,C13I,V16C,12.3,3.9,*
1629,C13I,V16D,2,1.2,**
1630,C13I,V17A,9,4.0,*
1631,C13I,V17B,25.4,5.6,
1632,C13I,V17C,49.6,9.6,
1633,C13I,V17D,15.9,12.3,**
1634,C13I,V17M,6.9,0.4,
1635,C13I,V18A,11.5,3.3,
1636,C13I,V18B,22.7,4.5,
1637,C13I,V18C,39.2,7.8,
1638,C13I,V18D,26.6,10.0,*
1639,C13I,V18M,7,0.4,
1640,C13I,V19A,10.6,4.2,*
1641,C13I,V19B,20.6,3.9,
1642,C13I,V19C,48.7,15.0,*
1643,C13I,V19D,20.1,12.3,**
1644,C13I,V19M,7,0.3,
1645,C13I,V20A,14.2,4.9,*
1646,C13I,V20B,24.4,7.3,
1647,C13I,V20C,38.3,5.4,
1648,C13I,V20D,23,9.4,*
1649,C13I,V20M,6.8,0.4,
1650,C13I,V21A,40.5,6.2,
1651,C13I,V21B,34.8,10.3,
1652,C13I,V21C,18.9,5.3,
1653,C13I,V21D,5.8,9.7,***
1654,C13I,V21M,4.9,0.5,
1655,C13I,V22A,27.7,5.8,
1656,C13I,V22B,36.8,8.3,
1657,C13I,V22C,26.9,6.1,
1658,C13I,V22D,8.6,9.8,***
1659,C13I,V22M,5.5,0.5,
1660,C13I,V23A,4,2.1,**
1661,C13I,V23B,14.4,3.6,
1662,C13I,V23C,32,9.1,
1663,C13I,V23D,49.6,11.1,
1664,C13I,V23M,8,0.3,
1665,C13I,V24A,89,5.4,
1666,C13I,V25A,88.4,5.9,
1667,C13I,V26A,93,3.2,
1668,C13I,V27A,60.6,11.0,
1669,C13I,V28A,86,3.5,
1670,C13I,V29A,87,4.1,
1671,C13I,V30A,90.7,3.4,
1672,C13J,V00T,13,0.0,B
1673,C13J,V01A,18.3,2.5,
1674,C13J,V01B,19.3,3.0,
1675,C13J,V01C,27.6,3.4,
1676,C13J,V01D,16.7,2.9,
1677,C13J,V01E,18.1,2.9,
1678,C13J,V01M,7.7,0.1,
1679,C13J,V02A,12.4,2.1,
1680,C13J,V02B,16.2,2.4,
1681,C13J,V02C,29.1,3.8,
1682,C13J,V02D,18.7,2.5,
1683,C13J,V02E,23.5,3.4,
1684,C13J,V02M,8.1,0.1,
1685,C13J,V03A,17.1,2.5,
1686,C13J,V03B,18.3,3.1,
1687,C13J,V03C,30.8,3.6,
1688,C13J,V03D,16.5,2.5,
1689,C13J,V03E,17.3,3.1,
1690,C13J,V03M,7.8,0.1,
1691,C13J,V04A,7.5,2.0,
1692,C13J,V04B,21.5,3.2,
1693,C13J,V04C,50.5,4.2,
1694,C13J,V04D,20.6,3.3,
1695,C13J,V05A,17.6,2.9,
1696,C13J,V05B,41.2,3.2,
1697,C13J,V05C,28.8,3.6,
1698,C13J,V05D,12.4,2.3,
1699,C13J,V06A,65.2,3.5,
1700,C13J,V07A,86.3,2.3,
1701,C13J,V08A,52.8,5.2,
1702,C13J,V09A,75.4,3.2,
1703,C13J,V10A,17.9,2.7,
1704,C13J,V11A,86.4,2.2,
1705,C13J,V11B,4.6,1.4,
1706,C13J,V11C,5.3,1.6,*
1707,C13J,V11D,1.7,0.9,**
1708,C13J,V11E,2,0.9,*
1709,C13J,V11M,2.9,0.2,
1710,C13J,V12A,57.4,3.7,
1711,C13J,V13A,79,2.8,
1712,C13J,V14A,77.3,3.0,
1713,C13J,V15A,82.7,2.4,
1714,C13J,V16A,60.5,3.7,
1715,C13J,V16B,24.1,3.2,
1716,C13J,V16C,12.4,2.1,
1717,C13J,V16D,3,1.4,*
1718,C13J,V17A,8.8,2.2,
1719,C13J,V17B,21.1,3.3,
1720,C13J,V17C,53.8,3.6,
1721,C13J,V17D,16.3,2.3,
1722,C13J,V17M,7,0.1,
1723,C13J,V18A,11.9,2.6,
1724,C13J,V18B,19.9,2.9,
1725,C13J,V18C,41.4,4.6,
1726,C13J,V18D,26.8,3.8,
1727,C13J,V18M,7,0.2,
1728,C13J,V19A,10.4,2.3,
1729,C13J,V19B,24.4,3.2,
1730,C13J,V19C,45.7,4.1,
1731,C13J,V19D,19.6,2.8,
1732,C13J,V19M,6.9,0.2,
1733,C13J,V20A,12.9,2.2,
1734,C13J,V20B,23,3.1,
1735,C13J,V20C,41,3.6,
1736,C13J,V20D,23.1,3.4,
1737,C13J,V20M,6.9,0.2,
1738,C13J,V21A,41.2,4.1,
1739,C13J,V21B,34.2,3.4,
1740,C13J,V21C,20.8,3.4,
1741,C13J,V21D,3.8,1.4,*
1742,C13J,V21M,4.8,0.2,
1743,C13J,V22A,25.2,3.1,
1744,C13J,V22B,30.7,3.9,
1745,C13J,V22C,35,3.6,
1746,C13J,V22D,9.2,2.0,
1747,C13J,V22M,5.7,0.2,
1748,C13J,V23A,4.7,1.3,
1749,C13J,V23B,9.1,2.0,
1750,C13J,V23C,36,4.2,
1751,C13J,V23D,50.2,4.1,
1752,C13J,V23M,8.1,0.1,
1753,C13J,V24A,88.5,2.3,
1754,C13J,V25A,86.3,2.6,
1755,C13J,V26A,88.2,2.4,
1756,C13J,V27A,61.5,4.2,
1757,C13J,V28A,83.5,2.5,
1758,C13J,V29A,84.5,2.9,
1759,C13J,V30A,85.1,2.8,
1760,C13K,V00T,4.8,0.0,B
1761,C13K,V01A,16.9,4.6,
1762,C13K,V01B,14.3,4.5,*
1763,C13K,V01C,33.8,5.6,
1764,C13K,V01D,19.2,3.9,
1765,C13K,V01E,15.8,4.0,
1766,C13K,V01M,7.8,0.2,
1767,C13K,V02A,9.2,3.1,*
1768,C13K,V02B,15.3,4.0,
1769,C13K,V02C,35.4,5.9,
1770,C13K,V02D,17.5,4.1,
1771,C13K,V02E,22.5,5.1,
1772,C13K,V02M,8.2,0.2,
1773,C13K,V03A,17.8,5.3,
1774,C13K,V03B,16.5,3.8,
1775,C13K,V03C,33.9,6.3,
1776,C13K,V03D,15.7,3.5,
1777,C13K,V03E,16.2,4.0,
1778,C13K,V03M,7.8,0.2,
1779,C13K,V04A,7.4,3.5,*
1780,C13K,V04B,26.2,5.5,
1781,C13K,V04C,50.6,5.7,
1782,C13K,V04D,15.8,4.0,
1783,C13K,V05A,19.7,5.8,
1784,C13K,V05B,37.5,6.3,
1785,C13K,V05C,28.6,6.0,
1786,C13K,V05D,14.2,4.0,
1787,C13K,V06A,71,5.7,
1788,C13K,V07A,86.5,3.9,
1789,C13K,V08A,64.1,8.0,
1790,C13K,V09A,75.3,5.2,
1791,C13K,V10A,11.9,4.4,*
1792,C13K,V11A,88.1,3.5,
1793,C13K,V11B,4.1,1.7,*
1794,C13K,V11C,3.6,1.8,**
1795,C13K,V11D,2.6,1.8,**
1796,C13K,V11E,1.6,1.2,**
1797,C13K,V11M,2.4,0.4,
1798,C13K,V12A,64.5,5.3,
1799,C13K,V13A,85.2,4.0,
1800,C13K,V14A,80.3,5.6,
1801,C13K,V15A,85.7,4.1,
1802,C13K,V16A,60.5,5.8,
1803,C13K,V16B,23.9,5.3,
1804,C13K,V16C,13.1,4.4,*
1805,C13K,V16D,2.5,1.5,**
1806,C13K,V17A,7.6,2.6,*
1807,C13K,V17B,22.9,4.0,
1808,C13K,V17C,52.1,6.7,
1809,C13K,V17D,17.3,6.1,*
1810,C13K,V17M,7,0.2,
1811,C13K,V18A,9.4,3.8,*
1812,C13K,V18B,28.3,5.5,
1813,C13K,V18C,41,5.4,
1814,C13K,V18D,21.4,5.6,
1815,C13K,V18M,6.9,0.2,
1816,C13K,V19A,4.3,2.0,*
1817,C13K,V19B,26.1,5.1,
1818,C13K,V19C,46.4,4.2,
1819,C13K,V19D,23.2,6.1,
1820,C13K,V19M,7.2,0.2,
1821,C13K,V20A,16.3,4.3,
1822,C13K,V20B,24.6,5.5,
1823,C13K,V20C,40.9,6.5,
1824,C13K,V20D,18.2,5.8,*
1825,C13K,V20M,6.6,0.3,
1826,C13K,V21A,34.5,5.1,
1827,C13K,V21B,38.5,5.6,
1828,C13K,V21C,24.1,5.1,
1829,C13K,V21D,2.9,1.9,**
1830,C13K,V21M,5.1,0.2,
1831,C13K,V22A,21.4,4.3,
1832,C13K,V22B,39,6.3,
1833,C13K,V22C,31.6,5.8,
1834,C13K,V22D,8,3.4,*
1835,C13K,V22M,5.8,0.3,
1836,C13K,V23A,5.5,2.0,*
1837,C13K,V23B,8.4,3.0,*
1838,C13K,V23C,41.3,6.0,
1839,C13K,V23D,44.7,6.2,
1840,C13K,V23M,8,0.2,
1841,C13K,V24A,88,3.0,
1842,C13K,V25A,86.5,3.7,
1843,C13K,V26A,90,3.4,
1844,C13K,V27A,64.6,5.7,
1845,C13K,V28A,82.9,4.1,
1846,C13K,V29A,86.7,3.3,
1847,C13K,V30A,90.6,3.0,
1848,C13L,V00T,2,0.0,B
1849,C13L,V01A,18.3,8.2,*
1850,C13L,V01B,20.2,6.5,*
1851,C13L,V01C,28.7,7.7,
1852,C13L,V01D,11.5,5.4,*
1853,C13L,V01E,21.3,7.4,*
1854,C13L,V01M,7.8,0.4,
1855,C13L,V02A,10.6,5.2,*
1856,C13L,V02B,21.8,6.7,*
1857,C13L,V02C,20.7,6.4,*
1858,C13L,V02D,16.6,6.7,*
1859,C13L,V02E,30.2,9.1,*
1860,C13L,V02M,8.2,0.3,
1861,C13L,V03A,13.4,5.7,*
1862,C13L,V03B,18,5.6,*
1863,C13L,V03C,28.8,8.6,
1864,C13L,V03D,18.5,5.8,*
1865,C13L,V03E,21.3,8.2,*
1866,C13L,V03M,8,0.3,
1867,C13L,V04A,10.3,6.2,**
1868,C13L,V04B,22.6,6.2,
1869,C13L,V04C,54.9,10.6,
1870,C13L,V04D,12.2,6.5,**
1871,C13L,V05A,12.7,4.6,*
1872,C13L,V05B,36.4,7.7,
1873,C13L,V05C,32,7.3,
1874,C13L,V05D,19,5.9,*
1875,C13L,V06A,63,8.4,
1876,C13L,V07A,86.6,5.4,
1877,C13L,V08A,57.5,24.6,*
1878,C13L,V09A,65.2,11.2,
1879,C13L,V10A,19.5,8.2,*
1880,C13L,V11A,88.6,4.5,
1881,C13L,V11B,4.9,3.4,**
1882,C13L,V11C,2.2,1.8,**
1883,C13L,V11D,S,,S
1884,C13L,V11E,3.1,2.8,**
1885,C13L,V11M,2.5,0.5,
1886,C13L,V12A,73.8,6.5,
1887,C13L,V13A,89.1,3.2,
1888,C13L,V14A,78.3,7.0,
1889,C13L,V15A,82,5.5,
1890,C13L,V16A,63,8.0,
1891,C13L,V16B,21.6,6.0,
1892,C13L,V16C,10.5,3.4,*
1893,C13L,V16D,4.9,3.2,**
1894,C13L,V17A,11.5,4.3,*
1895,C13L,V17B,29.4,8.0,
1896,C13L,V17C,50.8,9.4,
1897,C13L,V17D,8.3,4.6,**
1898,C13L,V17M,6.5,0.3,
1899,C13L,V18A,14.1,4.6,*
1900,C13L,V18B,21.7,4.3,
1901,C13L,V18C,42.5,6.7,
1902,C13L,V18D,21.8,5.1,
1903,C13L,V18M,6.8,0.3,
1904,C13L,V19A,13.7,5.6,*
1905,C13L,V19B,27.1,5.2,
1906,C13L,V19C,40.9,8.7,
1907,C13L,V19D,18.3,5.6,*
1908,C13L,V19M,6.6,0.3,
1909,C13L,V20A,20.5,6.1,*
1910,C13L,V20B,26.4,7.3,
1911,C13L,V20C,40.4,10.1,
1912,C13L,V20D,12.8,5.1,*
1913,C13L,V20M,6.3,0.4,
1914,C13L,V21A,42.7,9.1,
1915,C13L,V21B,35,8.9,
1916,C13L,V21C,16.5,4.3,
1917,C13L,V21D,5.8,6.0,***
1918,C13L,V21M,4.7,0.5,
1919,C13L,V22A,33.2,7.4,
1920,C13L,V22B,31.2,6.8,
1921,C13L,V22C,25.3,6.7,
1922,C13L,V22D,10.4,4.6,*
1923,C13L,V22M,5.4,0.4,
1924,C13L,V23A,7,4.0,**
1925,C13L,V23B,12.5,6.0,*
1926,C13L,V23C,42.6,9.0,
1927,C13L,V23D,37.9,8.2,
1928,C13L,V23M,7.7,0.4,
1929,C13L,V24A,87,5.1,
1930,C13L,V25A,83.2,6.9,
1931,C13L,V26A,87.8,4.8,
1932,C13L,V27A,55.8,7.7,
1933,C13L,V28A,80.1,6.5,
1934,C13L,V29A,86.5,7.6,
1935,C13L,V30A,83.9,5.3,
